antecedents,consequents,antecedent support,consequent support,support,confidence,lift,representativity,leverage,conviction,zhangs_metric,jaccard,certainty,kulczynski
frozenset({'pastry'}),frozenset({'2'}),0.07547169811320754,0.1320754716981132,0.05660377358490566,0.75,5.678571428571429,1.0,0.046635813456746174,3.4716981132075473,0.891156462585034,0.37499999999999994,0.7119565217391305,0.5892857142857143
frozenset({'sausage'}),frozenset({'rolls/buns'}),0.05660377358490566,0.20754716981132076,0.05660377358490566,1.0,4.818181818181818,1.0,0.04485582057671769,inf,0.84,0.2727272727272727,1.0,0.6363636363636364
"frozenset({'4', 'other vegetables'})",frozenset({'whole milk'}),0.05660377358490566,0.20754716981132076,0.05660377358490566,1.0,4.818181818181818,1.0,0.04485582057671769,inf,0.84,0.2727272727272727,1.0,0.6363636363636364
"frozenset({'whole milk', '4'})",frozenset({'other vegetables'}),0.05660377358490566,0.22641509433962265,0.05660377358490566,1.0,4.416666666666667,1.0,0.043787824848700606,inf,0.8200000000000001,0.25,1.0,0.625
frozenset({'root vegetables'}),frozenset({'other vegetables'}),0.09433962264150944,0.22641509433962265,0.07547169811320754,0.7999999999999999,3.5333333333333328,1.0,0.054111783552865785,3.8679245283018857,0.7916666666666665,0.3076923076923076,0.7414634146341461,0.5666666666666667
